path	baseline_blob	outcome	reason
apps/web/.storybook/main.ts	44d0cc4fb26c452b2428f49024eb6ad54a877996	retained	main.ts contains implementation or rendered UI copy without editorial comments needing changes.
apps/web/.storybook/preview.ts	6f4a733037e663e95f346ac203b01c94cc79e0d8	retained	preview.ts contains implementation or rendered UI copy without editorial comments needing changes.
apps/web/CHANGELOG.md	0c50826d21ceeeed454843650f934eb1b569559e	retained	Release history, not current implementation guidance; preserve historical entries and commit links.
apps/web/components.json	3176aeae0ebaa00dba668de2cd7a6b723dda09b3	retained	components.json contains machine configuration, no editorial comments.
apps/web/e2e/README.md	ceb04d226cdd3f06d352eeaf2fee162370057957	retained	Browser commands and fixture isolation match playwright.config.ts, auth fixture, and setup.ts; concise operational documentation.
apps/web/e2e/fixtures/auth.ts	743df5c60273aab9fdd1bb91bf6cc055fef2a137	retained	auth.ts contains implementation or rendered UI copy without editorial comments needing changes.
apps/web/e2e/fixtures/setup.ts	ca9db504f2d4db60aea225cf15853ad3fee06184	retained	setup.ts contains implementation or rendered UI copy without editorial comments needing changes.
apps/web/e2e/mocks/api.ts	ee2a6fb1b73f98e9a94cb99b6961c0389181d760	changed	Removed redundant labels and narration; retained concise constraints and required directives.
apps/web/e2e/tests/contact-form.spec.ts	895e5531ba20ca65341b4178fc7b80b40d864337	changed	Removed redundant labels and narration; retained concise constraints and required directives.
apps/web/e2e/tests/dashboard.spec.ts	62051c4170588fff5d75c6f24d721de9ccb6ef0f	retained	dashboard.spec.ts contains behavior assertions and fixtures without editorial comments needing changes.
apps/web/e2e/tests/public-pages.spec.ts	f90e1233fa77f098753439c7e656c319e93bfb7d	changed	Removed redundant labels and narration; retained concise constraints and required directives.
apps/web/e2e/tests/sdk-boundaries.spec.ts	64b972db31e2ad2a0dc61df1e2a049a6051af265	retained	sdk-boundaries.spec.ts contains behavior assertions and fixtures without editorial comments needing changes.
apps/web/package.json	e3b41c1f94fda5c456717bad491b29ff94b9b024	retained	package.json contains machine configuration, no editorial comments.
apps/web/playwright.config.ts	d1087a9b368ee0db00d3499c2c87651170a8f5c3	retained	Useful build artifact and port-allocation constraints match webServer and E2E environment setup.
apps/web/public/BC-Solutions-no-background.svg	1f393a2ec5de36e72146e6da47dabcba9cbd63bd	excluded	Generated vector artwork consisting of exported path data; root review found no editorial comments.
apps/web/public/Cordes-Resume.pdf	04c3f1b83fdf67f2cd9db9fe81572278d95cca71	excluded	.pdf static visual/document asset; excluded from source-comment and developer-documentation review.
apps/web/public/favicon.ico	8af256e4005b7dbb1471dc5be13336d5516bd8e7	excluded	.ico static visual/document asset; excluded from source-comment and developer-documentation review.
apps/web/public/images/projects/bcordes.svg	f316d503fc4ab5ae47e2bfdc1d4dae7db3c0074d	excluded	Generated vector artwork consisting of exported path data; root review found no editorial comments.
apps/web/public/images/projects/wallow.svg	cfa79dc810fca4e9c07cd35bbbc6e5af6fbff396	excluded	Generated vector artwork consisting of exported path data; root review found no editorial comments.
apps/web/public/logo-cropped.png	4a9fcfd7002823a4470d1981f64f49b3063108c0	excluded	.png static visual/document asset; excluded from source-comment and developer-documentation review.
apps/web/public/logo.png	6fa57ca650390dc8ab9f73fb8e59141a205b59d9	excluded	.png static visual/document asset; excluded from source-comment and developer-documentation review.
apps/web/public/manifest.json	a6936f012c59323e4e293219379f9ddb094d23f8	retained	manifest.json contains machine configuration, no editorial comments.
apps/web/public/profile-picture.png	bfbc6ec0cc89c1b70c2275eee5ca24e8133c578e	excluded	.png static visual/document asset; excluded from source-comment and developer-documentation review.
apps/web/public/robots.txt	6bf646e5ca1c44df87947380f57f777e02640369	retained	Only a protocol reference comment; retain with crawler directives.
apps/web/public/sitemap.xml	bb5773fe0fc95955d95d22b7b12c4a7499b9b572	retained	Machine-consumed sitemap, not implementation documentation; no editorial comments. Its stale routes require separate runtime/content scope.
apps/web/public/sw.js	8e8dfd0e1ecfe8bbb80ba750048a2fd0dabad1a9	retained	Service-worker behavior with no comments or prose documentation.
apps/web/public/tanstack-circle-logo.png	9db3e67bade15d9ced50bdfc2393359c5f6f5712	excluded	.png static visual/document asset; excluded from source-comment and developer-documentation review.
apps/web/public/tanstack-word-logo-white.svg	b6ec5086c2d6455012c1f6dcf5c3b51f58057a9e	excluded	Third-party TanStack logo artwork; no editorial comments, confirmed by root review.
apps/web/src/__tests__/about-feature-module.test.ts	44a55ce62dfcfd1c7d5b76d35b788d1e6c4011ea	changed	Removed migration history and redundant narration; retained scan, isolation and public API constraints where needed.
apps/web/src/__tests__/app-shell-module.test.ts	28f2c59ed3cc1eb8dbf67ede1be2c2a7e31bfe51	changed	Removed migration history and redundant narration; retained scan, isolation and public API constraints where needed.
apps/web/src/__tests__/architecture-cleanup.test.ts	a954e642376671b61d0d2420262bf5873369ecdc	changed	Removed migration inventory and stale directory claims; retained boundary scan semantics and linked current development guide.
apps/web/src/__tests__/contact-feature-module.test.ts	6ed4239cb486430e2ec100ac84fb35049698807c	changed	Removed migration history and redundant narration; retained scan, isolation and public API constraints where needed.
apps/web/src/__tests__/dead-code-animated-text.test.ts	0fbf61bf6abaf8e54c03129da8aca410e542ab68	changed	Removed migration history and redundant narration; retained scan, isolation and public API constraints where needed.
apps/web/src/__tests__/dead-code-use-mobile.test.ts	1db6102e5cbadfe58fa002bd5bc8dcf377431f15	changed	Removed migration history and redundant narration; retained scan, isolation and public API constraints where needed.
apps/web/src/__tests__/docs-workspace-layout.test.ts	25629318584b315cdc5cbe6263b77665ae64dbc8	changed	Removed obsolete SSE route and migration narrative; kept dynamic package discovery and empty discovery guard rationale.
apps/web/src/__tests__/feature-architecture.test.ts	f107640d1b68212fc9de4cf0dd62b1bf90300203	changed	Removed migration history and redundant narration; retained scan, isolation and public API constraints where needed.
apps/web/src/__tests__/h3-resolution.test.ts	dac4413e52c2c3cd99b4803a6dcec9015c426cbc	changed	Removed obsolete middleware path and fix history; retained child-process NODE_PATH isolation rationale.
apps/web/src/__tests__/home-feature-module.test.ts	9d07ddf52d1e86e7b00d915438444db1523b3e81	changed	Removed migration history and redundant narration; retained scan, isolation and public API constraints where needed.
apps/web/src/__tests__/inquiries-feature-module.test.ts	90878fedd43fb33598d20dbff3bd8196fb165e9e	changed	Removed migration inventory; corrected exclusion to the contact module test, retained scan/import/mock constraints.
apps/web/src/__tests__/markdown-content-removed.test.ts	7655012de4713975002a187f2a07cb0ed881c13e	changed	Removed migration history and redundant narration; retained scan, isolation and public API constraints where needed.
apps/web/src/__tests__/notification-routing.test.ts	6a122bb30d67a6e5f3d4fea113dd29b079ea7df2	changed	Deleted comment repeating the test name and expected route.
apps/web/src/__tests__/notifications-feature-module.test.ts	75a3880e2ee36dcddfba508023fc7c0232fdac6c	changed	Removed migration history and redundant narration; retained scan, isolation and public API constraints where needed.
apps/web/src/__tests__/projects-feature-module.test.ts	2c5f9bb73a4ef85284ff914eef4a8199237d5645	changed	Removed migration history and redundant narration; retained scan, isolation and public API constraints where needed.
apps/web/src/__tests__/schema-validation.test.ts	3e70c976dd778a6a5c06f9d3d5378adbd3f89935	changed	Corrected claims that local schema copies track production; noted that production status uses an enum.
apps/web/src/__tests__/shadcn-cli-config.test.ts	905d419a297e98f1e83d5c499247631fa43a7df9	changed	Replaced unverified historical CLI narrative with current UI guide reference and jsdom URL constraint; test titles unchanged by scope.
apps/web/src/__tests__/shared-auth-module.test.ts	cf41ba379d171b1df04c09ab84fc79828cb0185c	changed	Removed migration history and redundant narration; retained scan, isolation and public API constraints where needed.
apps/web/src/__tests__/shared-motion-module.test.ts	0cf901185fc9f9333350f158c77ca8267643f293	changed	Removed migration history and redundant narration; retained scan, isolation and public API constraints where needed.
apps/web/src/__tests__/storybook-packages-scan.test.ts	d663db77a8ebc10a1fe37dfcdb4d590b20341b2e	changed	Removed acceptance history and redundant helper descriptions; retained package story discovery and jsdom path constraint.
apps/web/src/__tests__/tailwind-source-scanning.test.ts	60bf4c6351a61310653ab5b23eabe987e93ab14e	changed	Corrected stylesheet path, removed historical sizes, retained split sentinel and package-only scanning constraints.
apps/web/src/__tests__/workspace-infra.test.ts	d215c6bf2508f98cd6b22700eee71efdc31874d6	changed	Condensed app tsconfig placement, jsdom URL and workflow execution constraints.
apps/web/src/__tests__/workspace-vitest-config.test.ts	3fdf338e41f2e7045727b6605b574108e8007671	changed	Removed migration history and stale test-file count; retained Node isolation, recursion avoidance, baseline floor and report isolation.
apps/web/src/app/components/layout/Footer.test.tsx	d60f18403e02428f2a88c365e432b03972c4d4ae	retained	Footer.test.tsx contains behavior assertions and fixtures without editorial comments needing changes.
apps/web/src/app/components/layout/Footer.tsx	a07060a63d7241644aecb4e70a43b3d3e4339ae7	changed	Removed redundant labels and narration; retained concise constraints and required directives.
apps/web/src/app/components/layout/Header.test.tsx	8a2945af1e96594c625269aab512201da3f302d7	changed	Removed redundant labels and narration; retained concise constraints and required directives.
apps/web/src/app/components/layout/Header.tsx	99c0e92c6c826e7db4460928a1d58099a108d189	retained	Header.tsx contains implementation or rendered UI copy without editorial comments needing changes.
apps/web/src/app/components/layout/MobileNav.test.tsx	df1df2244a2f28b1c21677e2813094d0151dbf49	retained	MobileNav.test.tsx contains behavior assertions and fixtures without editorial comments needing changes.
apps/web/src/app/components/layout/MobileNav.tsx	28c4ff42b391cda377edac5ceaaaa1911ea5780e	retained	MobileNav.tsx contains implementation or rendered UI copy without editorial comments needing changes.
apps/web/src/app/components/layout/UserMenu.test.tsx	a3aea240fed027bcc87d36cf5b960e4b840ac162	changed	Removed redundant labels and narration; retained concise constraints and required directives.
apps/web/src/app/components/layout/UserMenu.tsx	b4ae43f842651680d187d0d27a9df034d0f5f312	changed	Removed redundant labels and narration; retained concise constraints and required directives.
apps/web/src/app/config/navigation.test.ts	724982679c61c62a771b90d27c471b02a004b9ce	retained	navigation.test.ts contains behavior assertions and fixtures without editorial comments needing changes.
apps/web/src/app/config/navigation.ts	ef96b3ad7a9137db8bf27552029b7abcf0c430ed	retained	navigation.ts contains implementation or rendered UI copy without editorial comments needing changes.
apps/web/src/app/index.ts	fadf44ae9984f24fc4dd399c9e3c403d7dfb9d27	retained	Public exports only; no editorial material.
apps/web/src/app/lib/web-vitals.ts	0830049f002d997b4983adae3df56e9bd2c5b944	changed	Removed redundant labels and narration; retained concise constraints and required directives.
apps/web/src/app/styles.css	72a2c37d102de16037080faa1718b922fdf69889	changed	Removed redundant labels and narration; retained concise constraints and required directives.
apps/web/src/app/styles/showcase.css	1492bd3a41178e362072e6e9bccbc64a43695212	changed	Removed redundant labels and narration; retained concise constraints and required directives.
apps/web/src/features/.gitkeep	e69de29bb2d1d6434b8b29ae775ad8c2e48c5391	retained	Empty tracked feature-root placeholder; no editorial material.
apps/web/src/features/about/components/AboutHero.test.tsx	7ff188aa60a92bfa2732d31a2412a3a7dc7129c5	retained	AboutHero.test.tsx contains behavior assertions and fixtures without editorial comments needing changes.
apps/web/src/features/about/components/AboutHero.tsx	a94159219c5fd57d776c7c466af3c532468fd5ed	changed	Removed redundant markup or test narration and shortened useful rationale; corrected stale claims where present. Preserved executable code, directives, and rendered text.
apps/web/src/features/about/components/Timeline.test.tsx	9748cd2da7aadb69c2dbc61cf39202ac95bbbaf5	retained	Timeline.test.tsx contains behavior assertions and fixtures without editorial comments needing changes.
apps/web/src/features/about/components/Timeline.tsx	ebda5b4df906d83019d94a3560b4d01257e820f7	changed	Removed redundant markup or test narration and shortened useful rationale; corrected stale claims where present. Preserved executable code, directives, and rendered text.
apps/web/src/features/about/components/ValueIcon.tsx	f7c610d808441dfc0b7bd16fbe3d00adc1059623	retained	ValueIcon.tsx contains implementation or rendered UI copy without editorial comments needing changes.
apps/web/src/features/about/index.ts	42a33e8f3defd37f0899cf60c623175a582c64c6	retained	Public exports only; no editorial material.
apps/web/src/features/contact/components/ContactForm.test.tsx	b7c5a9dcf774f9077a8b6ab0b3ce8917d5946d5a	changed	Removed redundant markup or test narration and shortened useful rationale; corrected stale claims where present. Preserved executable code, directives, and rendered text.
apps/web/src/features/contact/components/ContactForm.tsx	7969393834c301b741c973ad2a442445eb61236c	retained	ContactForm.tsx contains implementation or rendered UI copy without editorial comments needing changes.
apps/web/src/features/contact/components/ContactFormFields.test.tsx	9c24647eae1fe1e660e0c2c828ab45e878ea004f	changed	Removed redundant markup or test narration and shortened useful rationale; corrected stale claims where present. Preserved executable code, directives, and rendered text.
apps/web/src/features/contact/components/ContactFormFields.tsx	5a31d605cc7897ec227055cfa5ba8e4d26a3fba3	retained	ContactFormFields.tsx contains implementation or rendered UI copy without editorial comments needing changes.
apps/web/src/features/contact/components/ContactFormSuccess.test.tsx	6115c521679e1ce2d54cd7c03186c5202c90c611	retained	ContactFormSuccess.test.tsx contains behavior assertions and fixtures without editorial comments needing changes.
apps/web/src/features/contact/components/ContactFormSuccess.tsx	7a5ded3a48d38061f02b805ad69988911aad517c	retained	ContactFormSuccess.tsx contains implementation or rendered UI copy without editorial comments needing changes.
apps/web/src/features/contact/index.ts	519f62f3611235671af155d7e4f6313fb42f722b	retained	Public exports only; no editorial material.
apps/web/src/features/contact/lib/contact-form.schema.ts	71f09e96385227e43a0f92cc6c9210155f821304	retained	contact-form.schema.ts contains implementation or rendered UI copy without editorial comments needing changes.
apps/web/src/features/home/components/FeaturedWork.test.tsx	597272600d0402e68a8d474f07109288f26e8e39	changed	Removed redundant markup or test narration and shortened useful rationale; corrected stale claims where present. Preserved executable code, directives, and rendered text.
apps/web/src/features/home/components/FeaturedWork.tsx	7ce381a90a9b8a2d7d561d075f0e302cfd9ccaeb	changed	Removed redundant markup or test narration and shortened useful rationale; corrected stale claims where present. Preserved executable code, directives, and rendered text.
apps/web/src/features/home/components/Hero.test.tsx	1c9d317e8494962921a9bfa726f1e5e19ea4ef6c	retained	Hero.test.tsx contains behavior assertions and fixtures without editorial comments needing changes.
apps/web/src/features/home/components/Hero.tsx	626b6a0d4ba1f5c8b2c4408f77c836a8e33b4272	changed	Removed redundant markup or test narration and shortened useful rationale; corrected stale claims where present. Preserved executable code, directives, and rendered text.
apps/web/src/features/home/components/ServicesGrid.test.tsx	d6592c3d0311ae30973527b64d696bc8e5c720ba	retained	ServicesGrid.test.tsx contains behavior assertions and fixtures without editorial comments needing changes.
apps/web/src/features/home/components/ServicesGrid.tsx	ff5de2c0d5d32ba5b3dcb72941a9c5748f70c456	changed	Removed redundant markup or test narration and shortened useful rationale; corrected stale claims where present. Preserved executable code, directives, and rendered text.
apps/web/src/features/home/components/SkillsShowcase.test.tsx	3df1d84027f6a73d0f7e71d579ee9765eca23c41	retained	SkillsShowcase.test.tsx contains behavior assertions and fixtures without editorial comments needing changes.
apps/web/src/features/home/components/SkillsShowcase.tsx	2d5f26a8403c5ea5410e8538e7de73fce9feb98b	changed	Removed redundant markup or test narration and shortened useful rationale; corrected stale claims where present. Preserved executable code, directives, and rendered text.
apps/web/src/features/home/index.ts	0f32874b8776ef80d91726795165e4107053e922	retained	Public exports only; no editorial material.
apps/web/src/features/inquiries/index.ts	415e4352bc3a56ad1e5c8057bcc584ce34111e3d	retained	Public exports only; no editorial material.
apps/web/src/features/inquiries/lib/inquiries.test.ts	832f1f277b0a0637e4d1afffd627c1a1f5a65bb1	changed	Removed redundant markup or test narration and shortened useful rationale; corrected stale claims where present. Preserved executable code, directives, and rendered text.
apps/web/src/features/inquiries/lib/inquiries.ts	03eace856f578f1f84ed3cadd82d38b91eae0507	retained	Two concise exported status-mapping descriptions explain API/UI casing and match the maps.
apps/web/src/features/inquiries/server-fns/inquiries.test.ts	7b56bb7e53fb63d92f53d12224ec64ec3cfa1dc1	retained	inquiries.test.ts contains behavior assertions and fixtures without editorial comments needing changes.
apps/web/src/features/inquiries/server-fns/inquiries.ts	3d2840219b3c31d98c3722e74f5b4491a6c73817	retained	inquiries.ts contains implementation or rendered UI copy without editorial comments needing changes.
apps/web/src/features/notifications/components/NotificationBell.test.tsx	01d6dde6cfb34fab30056202020a8da355679d0b	changed	Removed redundant markup or test narration and shortened useful rationale; corrected stale claims where present. Preserved executable code, directives, and rendered text.
apps/web/src/features/notifications/components/NotificationBell.tsx	0c2a46c9ed1f50e7b59726c542b56d99e2124856	changed	Removed redundant markup or test narration and shortened useful rationale; corrected stale claims where present. Preserved executable code, directives, and rendered text.
apps/web/src/features/notifications/components/NotificationRow.test.tsx	15838a20ba5bf3df9115589787b2e3438a9309be	changed	Removed redundant markup or test narration and shortened useful rationale; corrected stale claims where present. Preserved executable code, directives, and rendered text.
apps/web/src/features/notifications/components/NotificationRow.tsx	0ff36487536a3be56072a713aed2cf7dfb1966c0	retained	Read full NotificationRow.tsx; no editorial comment material. Preserve code, fixture strings and user-visible text.
apps/web/src/features/notifications/hooks/EventStreamProvider.tsx	48feef72b8cb96198e563790ea20dac5917e581f	changed	Removed redundant markup or test narration and shortened useful rationale; corrected stale claims where present. Preserved executable code, directives, and rendered text.
apps/web/src/features/notifications/hooks/useEventStream.test.ts	d04d5b2e2a1cdf78203578490cfe22b109e76cbc	changed	Removed redundant markup or test narration and shortened useful rationale; corrected stale claims where present. Preserved executable code, directives, and rendered text.
apps/web/src/features/notifications/hooks/useEventStream.ts	8052407c80dcd285c9c15c32d376df22d74e7e36	retained	Read full useEventStream.ts; no editorial comment material. Preserve code, fixture strings and user-visible text.
apps/web/src/features/notifications/hooks/useEventStreamEvents.test.ts	91aeef136cbb3f422d39231eed77ce15f1fc7eb0	changed	Removed redundant markup or test narration and shortened useful rationale; corrected stale claims where present. Preserved executable code, directives, and rendered text.
apps/web/src/features/notifications/hooks/useEventStreamEvents.ts	60545742876ba7bbf922e527bb280ad7a5f4d60c	retained	Read full useEventStreamEvents.ts; no editorial comment material. Preserve code, fixture strings and user-visible text.
apps/web/src/features/notifications/hooks/useNotificationFilters.test.ts	d4a100a528179768f42568f8d4e1cf990519c61a	changed	Removed redundant markup or test narration and shortened useful rationale; corrected stale claims where present. Preserved executable code, directives, and rendered text.
apps/web/src/features/notifications/hooks/useNotificationFilters.ts	3f1db8d1ce96afb6fe37757c49513d4138d722f8	retained	Read full useNotificationFilters.ts; no editorial comment material. Preserve code, fixture strings and user-visible text.
apps/web/src/features/notifications/hooks/useNotificationSelection.test.ts	a9ce0949437dbea56e4bfb0e9f9ef0befc953cf8	changed	Removed redundant markup or test narration and shortened useful rationale; corrected stale claims where present. Preserved executable code, directives, and rendered text.
apps/web/src/features/notifications/hooks/useNotificationSelection.ts	ad255e0f7390c8d2019fd6440658da0c6d368e93	retained	Read full useNotificationSelection.ts; no editorial comment material. Preserve code, fixture strings and user-visible text.
apps/web/src/features/notifications/hooks/usePushNotifications.test.tsx	0e27dfd46e193831497f5bae6c565533b1eb70ad	changed	Removed redundant markup or test narration and shortened useful rationale; corrected stale claims where present. Preserved executable code, directives, and rendered text.
apps/web/src/features/notifications/hooks/usePushNotifications.ts	bf987038b5dc75a09cd7cd9061250893d09a87b9	retained	Read full usePushNotifications.ts; no editorial comment material. Preserve code, fixture strings and user-visible text.
apps/web/src/features/notifications/index.ts	fc4c81395561209b76ee95cc8805d280e2b30ccd	retained	Read full index.ts; no editorial comment material. Preserve code, fixture strings and user-visible text.
apps/web/src/features/notifications/lib/query-utils.test.ts	d36a455e4bf97574f4059b7b95899f6af9edb650	retained	Read full query-utils.test.ts; no editorial comment material. Preserve code, fixture strings and user-visible text.
apps/web/src/features/notifications/lib/query-utils.ts	5a6c2f47b212c2586fad67773c983a1bae6a2ed5	changed	Removed redundant markup or test narration and shortened useful rationale; corrected stale claims where present. Preserved executable code, directives, and rendered text.
apps/web/src/features/notifications/lib/routing.test.ts	82e35f4e3ec9b12b04360e285388aeec1ca2faf9	retained	Read full routing.test.ts; no editorial comment material. Preserve code, fixture strings and user-visible text.
apps/web/src/features/notifications/lib/routing.ts	40053551629da2fffda2198482cb44ed47ffcb26	retained	Read full routing.ts; no editorial comment material. Preserve code, fixture strings and user-visible text.
apps/web/src/features/notifications/server-fns/notifications.test.ts	26eb0bd9b400c7ddb7b90b95e7a88d62cbcaa902	retained	Read full notifications.test.ts; no editorial comment material. Preserve code, fixture strings and user-visible text.
apps/web/src/features/notifications/server-fns/notifications.ts	c825533d27db8c9486deeee5d888ca959f34008f	retained	Read full notifications.ts; no editorial comment material. Preserve code, fixture strings and user-visible text.
apps/web/src/features/projects/components/ProjectCard.test.tsx	fc0fcfcba7ad8368377e17765a405fe44a9ad892	retained	Read full ProjectCard.test.tsx; no editorial comment material. Preserve code, fixture strings and user-visible text.
apps/web/src/features/projects/components/ProjectCard.tsx	3acd3967bc70425ec1629cc08378b69573b4eb3c	changed	Removed redundant markup or test narration and shortened useful rationale; corrected stale claims where present. Preserved executable code, directives, and rendered text.
apps/web/src/features/projects/components/ProjectFilter.test.tsx	9ab4cf249f522528dfeed455ac1efc7ee80fd20e	retained	One short comment explains the otherwise nonobvious total button count across two filter groups.
apps/web/src/features/projects/components/ProjectFilter.tsx	834eb21cc0a78352183dcd8d58091331a2f0c804	changed	Removed redundant markup or test narration and shortened useful rationale; corrected stale claims where present. Preserved executable code, directives, and rendered text.
apps/web/src/features/projects/content/bcordes.test.tsx	215d9efe790c5b43e8ec3cca11dc58b37d143c2f	retained	Read full bcordes.test.tsx; no editorial comment material. Preserve code, fixture strings and user-visible text.
apps/web/src/features/projects/content/bcordes.tsx	6fc0b5c65254b9d4ece3d9b795175963c207664c	retained	Public project content, not comments or implementation documentation. No source comments; factual copy caveats recorded separately in summary.
apps/web/src/features/projects/content/index.test.ts	f2d21059ebb864f91367c7e7a2e122610fa486bb	retained	Only comment is the functional Vitest environment directive; preserve it.
apps/web/src/features/projects/content/index.ts	87bcce04eecc97d1cf45c1409b1fe982da55ce2d	retained	Read full index.ts; no editorial comment material. Preserve code, fixture strings and user-visible text.
apps/web/src/features/projects/content/wallow.test.tsx	a991c0a5877e16d858d67413ded181db58c1bd98	retained	Read full wallow.test.tsx; no editorial comment material. Preserve code, fixture strings and user-visible text.
apps/web/src/features/projects/content/wallow.tsx	28999668c0d3104d08eb34d2f094e25958455dd3	retained	Public project content, not comments or implementation documentation. No source comments; factual copy caveats recorded separately in summary.
apps/web/src/features/projects/index.ts	c8832c9d1daaf9d8a9a3012bcc9b3d1ed8219a6a	retained	Read full index.ts; no editorial comment material. Preserve code, fixture strings and user-visible text.
apps/web/src/routeTree.gen.ts	ecbac878deab7d8de8d47a7a0dc6047cce9356eb	excluded	Generated TanStack route tree; edit generator inputs instead.
apps/web/src/router.ssr-query.test.tsx	6159e6d100571f0b74dd986e17c57456058d24f5	changed	Removed redundant labels and narration; retained or shortened useful test constraints without changing behavior.
apps/web/src/router.test.tsx	bd4668a8b7da47e8c4fbe6e5a87ae55cd98de7fe	changed	Removed redundant labels and narration; retained or shortened useful test constraints without changing behavior.
apps/web/src/router.tsx	1dd449c9f9ba98f3d23229d850ad0454358e3614	changed	Removed redundant labels and narration; retained or shortened useful test constraints without changing behavior.
apps/web/src/routes/__root.test.tsx	630a936fed1a6677187ca594ce683c67fb610ce3	changed	Removed redundant labels and narration; retained or shortened useful test constraints without changing behavior.
apps/web/src/routes/__root.tsx	453e777ce0abee38c7fe4a16e812ea7a35bd4a32	changed	Removed redundant labels and narration; retained or shortened useful test constraints without changing behavior.
apps/web/src/routes/about.test.tsx	882b10227b4b848f5089869e42d28816c551525b	retained	Read full about.test.tsx; no editorial comment material. Preserve code, fixture strings and user-visible text.
apps/web/src/routes/about.tsx	12cdc06b97f74437e6ac5a151041fdaa1d1bb6ad	changed	Removed redundant labels and narration; retained or shortened useful test constraints without changing behavior.
apps/web/src/routes/api/health.test.ts	53a8b08b4c0f6fea6debc5581f09ff9129c7894d	changed	Removed redundant labels and narration; retained or shortened useful test constraints without changing behavior.
apps/web/src/routes/api/health.ts	6baf2220929da21ed519a582e297dac537e3ffe4	retained	Only comment is an ESLint directive guarding the health-response branch; preserve it.
apps/web/src/routes/auth/error.tsx	34171977c637ba8a410d3043adb07dec662fbfc9	retained	Read full error.tsx; no editorial comment material. Preserve code, fixture strings and user-visible text.
apps/web/src/routes/auth/me.test.ts	572cbc2e7b4d40c6f47738fff5d486b88a6c74c9	changed	Removed redundant labels and narration; retained or shortened useful test constraints without changing behavior.
apps/web/src/routes/auth/me.ts	161d3b7af5e5f8eac9f699b4ce98e5b378ed78e1	retained	Read full me.ts; no editorial comment material. Preserve code, fixture strings and user-visible text.
apps/web/src/routes/contact.test.tsx	c78a60dbf79be3a69eaa26818419f3d7583bb85e	retained	Read full contact.test.tsx; no editorial comment material. Preserve code, fixture strings and user-visible text.
apps/web/src/routes/contact.tsx	ededb83c5fcca52db4ef0440c91221d27deb2544	changed	Removed redundant labels and narration; retained or shortened useful test constraints without changing behavior.
apps/web/src/routes/dashboard/inquiries.$id.test.tsx	1addbb13f9c01f6523684cf124086082a5afdcce	changed	Removed redundant labels and narration; retained or shortened useful test constraints without changing behavior.
apps/web/src/routes/dashboard/inquiries.$id.tsx	a2122cf28da7ad76ca7014cad65bc9ae87dc30e9	changed	Removed redundant labels and narration; retained or shortened useful test constraints without changing behavior.
apps/web/src/routes/dashboard/inquiries.index.test.tsx	a6af592158ad23211811b943263a3f799ded67a5	changed	Removed redundant labels and narration; retained or shortened useful test constraints without changing behavior.
apps/web/src/routes/dashboard/inquiries.index.tsx	597e314bb022aa35bdb7da83da81ff3e8c7e82e0	changed	Removed redundant labels and narration; retained or shortened useful test constraints without changing behavior.
apps/web/src/routes/dashboard/inquiries.test.tsx	544c22e302172aa1a41537e651acb533f970dbbd	changed	Removed redundant labels and narration; retained or shortened useful test constraints without changing behavior.
apps/web/src/routes/dashboard/inquiries.tsx	78c213b89f8f17d3e96a1dccf02c518e39ca1844	retained	Read full inquiries.tsx; no editorial comment material. Preserve code, fixture strings and user-visible text.
apps/web/src/routes/dashboard/notifications.index.test.tsx	a23659fc751043c43033503e0871818ccbca4548	changed	Removed redundant labels and narration; retained or shortened useful test constraints without changing behavior.
apps/web/src/routes/dashboard/notifications.index.tsx	fe69500ceaaa88f4d06dcad3b9d7a3004be6a3f5	changed	Removed redundant labels and narration; retained or shortened useful test constraints without changing behavior.
apps/web/src/routes/dashboard/notifications.test.tsx	f5de220ff294a40a55f5310c7169bd4b60f49970	retained	Read full notifications.test.tsx; no editorial comment material. Preserve code, fixture strings and user-visible text.
apps/web/src/routes/dashboard/notifications.tsx	9852bc14b9adb090324d566a55448d283dcebad8	retained	Read full notifications.tsx; no editorial comment material. Preserve code, fixture strings and user-visible text.
apps/web/src/routes/dashboard/settings.index.test.tsx	932e11096db02bc03659e6be3a082f5ded79b2b0	changed	Removed redundant labels and narration; retained or shortened useful test constraints without changing behavior.
apps/web/src/routes/dashboard/settings.index.tsx	97819b7b4c2ec5012ea205fe0a4548536c606397	retained	Two short comments distinguish optimistic update and rollback; useful local state rationale.
apps/web/src/routes/dashboard/settings.test.tsx	51320c2b0133d05f88efd06460e7e6e7fce1a3d8	retained	Read full settings.test.tsx; no editorial comment material. Preserve code, fixture strings and user-visible text.
apps/web/src/routes/dashboard/settings.tsx	d3f0577a48588d1cda7edc9454a54993507c30a3	retained	Read full settings.tsx; no editorial comment material. Preserve code, fixture strings and user-visible text.
apps/web/src/routes/index.test.tsx	126386bbca1b060414a2f561cc020c53dc846f98	retained	Read full index.test.tsx; no editorial comment material. Preserve code, fixture strings and user-visible text.
apps/web/src/routes/index.tsx	3f00d4ff90a2dd30a6a63c889d7284bde66c6066	retained	Read full index.tsx; no editorial comment material. Preserve code, fixture strings and user-visible text.
apps/web/src/routes/projects/$slug.component.test.tsx	62e58b4aef8edf191316012dbaaa094a109d754a	changed	Removed redundant labels and narration; retained or shortened useful test constraints without changing behavior.
apps/web/src/routes/projects/$slug.test.ts	41200646c8cae31d0ffb2b8b197b18ce39d16e1f	changed	Removed redundant labels and narration; retained or shortened useful test constraints without changing behavior.
apps/web/src/routes/projects/$slug.tsx	3b82312b52212132713fe27df2b11ce3eac804b9	changed	Removed redundant labels and narration; retained or shortened useful test constraints without changing behavior.
apps/web/src/routes/projects/index.component.test.tsx	ad0f6f8fbc71b3405cfef02097e57eff9d24f1d5	changed	Removed redundant labels and narration; retained or shortened useful test constraints without changing behavior.
apps/web/src/routes/projects/index.test.ts	7edce6797200a4586c8cc374f8af28ef57287c8a	changed	Removed redundant labels and narration; retained or shortened useful test constraints without changing behavior.
apps/web/src/routes/projects/index.tsx	8470457b550c911e54502557b4b911feb0d8f4f0	changed	Removed redundant labels and narration; retained or shortened useful test constraints without changing behavior.
apps/web/src/routes/resume.test.tsx	3356e141ae065f572a2f8e916c8bc1402a6ccdaf	retained	Read full resume.test.tsx; no editorial comment material. Preserve code, fixture strings and user-visible text.
apps/web/src/routes/resume.tsx	6d95d6f84a2afa3ca61bf30b2805008178bd4adb	changed	Removed redundant labels and narration; retained or shortened useful test constraints without changing behavior.
apps/web/src/shared/.gitkeep	e69de29bb2d1d6434b8b29ae775ad8c2e48c5391	retained	Empty tracked placeholder; no editorial material.
apps/web/src/shared/auth/hooks/useUser.test.ts	6719fb0cc125aa6f21d6f2c45c3ca9b8d98b8d0d	changed	Removed redundant labels and narration; retained or shortened useful test constraints without changing behavior.
apps/web/src/shared/auth/hooks/useUser.ts	c7355cb84bf4add85f950af048af817cb60345f7	retained	Read full useUser.ts; no editorial comment material. Preserve code, fixture strings and user-visible text.
apps/web/src/shared/auth/index.ts	98a89950ac56c1346760e2f2ed250668230a0377	retained	Read full index.ts; no editorial comment material. Preserve code, fixture strings and user-visible text.
apps/web/src/shared/auth/server-fns/auth.test.ts	e735c823885c3dbc02dae14ec3d3725a7178e2f8	changed	Removed redundant labels and narration; retained or shortened useful test constraints without changing behavior.
apps/web/src/shared/auth/server-fns/auth.ts	be85c02bac03137abb0ba4e8933e5cee652a2572	retained	Read full auth.ts; no editorial comment material. Preserve code, fixture strings and user-visible text.
apps/web/src/shared/motion/components/FadeInView.test.tsx	99bd3501f258f28af937c6ed3c3fafc42b53c2c4	retained	Read full FadeInView.test.tsx; no editorial comment material. Preserve code, fixture strings and user-visible text.
apps/web/src/shared/motion/components/FadeInView.tsx	0593909cd6165bcf68f28bcf9d364fe2b3cb4ea4	retained	Read full FadeInView.tsx; no editorial comment material. Preserve code, fixture strings and user-visible text.
apps/web/src/shared/motion/hooks/useReducedMotion.test.ts	85f583cac1fa4c98e75fc3833729d888f1c5c270	retained	Read full useReducedMotion.test.ts; no editorial comment material. Preserve code, fixture strings and user-visible text.
apps/web/src/shared/motion/hooks/useReducedMotion.ts	604ba15c3db9ea715f8e39c2cf2cb1492fa9b2fb	retained	Read full useReducedMotion.ts; no editorial comment material. Preserve code, fixture strings and user-visible text.
apps/web/src/shared/motion/hooks/useScrollAnimation.test.ts	23c5a8beb8b0be643ee8e9fc1bb067fa15145e47	changed	Removed redundant labels and narration; retained or shortened useful test constraints without changing behavior.
apps/web/src/shared/motion/hooks/useScrollAnimation.ts	575f2a6ed6b01cdbd3e83601f71102aa2d5506d3	retained	Read full useScrollAnimation.ts; no editorial comment material. Preserve code, fixture strings and user-visible text.
apps/web/src/shared/motion/index.ts	224bc14b717ccc5fdca6d2f6191e098717288416	retained	Read full index.ts; no editorial comment material. Preserve code, fixture strings and user-visible text.
apps/web/src/start.ts	6a72eeb40546822437f59e76845ca117b70d79b4	retained	Read full start.ts; no editorial comment material. Preserve code, fixture strings and user-visible text.
apps/web/tsconfig.json	c2a51ee3c06a00738be5dab36b9c3de3491cd330	retained	Read full tsconfig.json; no editorial comment material. Preserve code, fixture strings and user-visible text.
apps/web/vite.config.ts	bdd7cf1cfddd64a8a3cfe9bb34a78757c81e2861	changed	Removed redundant labels and narration; retained concise constraints and required directives.
apps/web/vitest.config.ts	f563220a89ec55aaa728ca5a1ca5f42d6d44bc33	retained	Read full vitest.config.ts; no editorial comment material. Preserve code, fixture strings and user-visible text.
